nhóm	hán tự	pinyin	nghĩa tiếng việt		chiết từ	ví dụ		word_id	pinyin_no_tone	meaning_en	word_type	level	lesson_id	lesson_order	topic_id	grammar_ids	audio_url	image_url	difficulty	tags	is_active
Nhóm 1	我	wǒ	tôi	danh từ	Bên trái: Bộ Thủ (手 - biến thể: 扌) + Bên phải: Bộ Qua (戈)	我很好。(wǒ hěn hǎo)	Tôi rất tốt.	w0001	wo		danh từ	HSK1	lesson-1	1					1	Nhóm 1	TRUE
Nhóm 1	好	hǎo	tôt	danh từ	Bộ Nữ (女 - nǚ): bộ tử  (子 - zǐ): 	我很好。(wǒ hěn hǎo)	Tôi rất tốt.	w0002	hao		danh từ	HSK1	lesson-1	1					1	Nhóm 1	TRUE
Nhóm 1	大	dà	lớn	danh từ	Chữ Đại (大): hình người đứng dang rộng hai tay, nghĩa là to lớn.	马很大。(mǎ hěn dà)	Con ngựa rất lớn.	w0003	da		danh từ	HSK1	lesson-1	1					1	Nhóm 1	TRUE
Nhóm 1	不	bù	không	danh từ	Chữ Bất (不): nét ngang ở trên, dưới là các nét rơi xuống; dùng để phủ định, nghĩa là không.	汉语不难。(Hànyǔ bù nán)	Tiếng Hán không khó.	w0004	bu		danh từ	HSK1	lesson-1	1					1	Nhóm 1	TRUE
Nhóm 1	口	kǒu	miệng	danh từ	Bộ Khẩu (口): hình cái miệng, liên quan đến nói, ăn, hỏi.	口不大。(kǒu bù dà)	Miệng không lớn.	w0005	kou		danh từ	HSK1	lesson-1	1					1	Nhóm 1	TRUE
Nhóm 1	白	bái	trắng	danh từ	Chữ Bạch (白): nét phẩy trên chữ Nhật (日), chỉ màu trắng, sáng.	白马很大。(bái mǎ hěn dà)	Con ngựa trắng rất lớn.	w0006	bai		danh từ	HSK1	lesson-1	1					1	Nhóm 1	TRUE
Nhóm 1	女	nǚ	nữ	danh từ	Bộ Nữ (女): hình người phụ nữ, nghĩa là nữ.	女的在学校。(nǚ de zài xuéxiào)	Người nữ ở trường học.	w0007	nu		danh từ	HSK1	lesson-1	1					1	Nhóm 1	TRUE
Nhóm 1	马	mǎ	ngựa	danh từ	Chữ Mã (马): giản thể của 馬, hình con ngựa.	我有马。(wǒ yǒu mǎ)	Tôi có ngựa.	w0008	ma		danh từ	HSK1	lesson-1	1					1	Nhóm 1	TRUE
Nhóm 1	一	yī	1	danh từ	Chữ Nhất (一): một nét ngang, nghĩa là số 1.	一个口。(yī gè kǒu)	Một cái miệng.	w0009	yi		danh từ	HSK1	lesson-1	1					1	Nhóm 1	TRUE
Nhóm 1	二	èr	2	danh từ	Chữ Nhị (二): hai nét ngang, nghĩa là số 2.	二月二号。(èr yuè èr hào)	Ngày 2 tháng 2.	w0010	er		danh từ	HSK1	lesson-1	1					1	Nhóm 1	TRUE
Nhóm 1	三	sān	3	danh từ	Chữ Tam (三): ba nét ngang, nghĩa là số 3.	三月三号。(sān yuè sān hào)	Ngày 3 tháng 3.	w0011	san		danh từ	HSK1	lesson-1	1					1	Nhóm 1	TRUE
Nhóm 1	四	sì	4	danh từ	Chữ Tứ (四): bộ Vi/Khuông (囗) bao bên ngoài + phần trong chỉ số bốn.	四月四号。(sì yuè sì hào)	Ngày 4 tháng 4.	w0012	si		danh từ	HSK1	lesson-1	1					1	Nhóm 1	TRUE
Nhóm 1	五	wǔ	5	danh từ	Chữ Ngũ (五): các nét ngang dọc giao nhau, nghĩa là số 5.	五月五号。(wǔ yuè wǔ hào)	Ngày 5 tháng 5.	w0013	wu		danh từ	HSK1	lesson-1	1					1	Nhóm 1	TRUE
Nhóm 1	六	liù	6	danh từ	Chữ Lục (六): bộ Đầu (亠) ở trên + bộ Bát (八) ở dưới, nghĩa là số 6.	六月六号。(liù yuè liù hào)	Ngày 6 tháng 6.	w0014	liu		danh từ	HSK1	lesson-1	1					1	Nhóm 1	TRUE
Nhóm 1	七	qī	7	danh từ	Chữ Thất (七): một nét ngang bị nét móc cắt qua, nghĩa là số 7.	七月七号。(qī yuè qī hào)	Ngày 7 tháng 7.	w0015	qi		danh từ	HSK1	lesson-1	1					1	Nhóm 1	TRUE
Nhóm 1	八	bā	8	danh từ	Chữ Bát (八): hai nét tách ra hai bên, nghĩa là số 8.	八月八号。(bā yuè bā hào)	Ngày 8 tháng 8.	w0016	ba		danh từ	HSK1	lesson-1	1					1	Nhóm 1	TRUE
Nhóm 1	九	jiǔ	9	danh từ	Chữ Cửu (九): nét phẩy và nét móc, nghĩa là số 9.	九月九号。(jiǔ yuè jiǔ hào)	Ngày 9 tháng 9.	w0017	jiu		danh từ	HSK1	lesson-1	1					1	Nhóm 1	TRUE
Nhóm 1	十	shí	10	danh từ	Chữ Thập (十): một nét ngang + một nét sổ, nghĩa là số 10.	十月十号。(shí yuè shí hào)	Ngày 10 tháng 10.	w0018	shi		danh từ	HSK1	lesson-1	1					1	Nhóm 1	TRUE
Nhóm 1	忙	máng	bận rộn	tính từ	Bên trái - Bộ Tâm đứng (忄) Bên phải - Chữ Vong (亡 - wáng) 	我很忙。(wǒ hěn máng)	Tôi rất bận.	w0019	mang		tính từ	HSK1	lesson-1	1					1	Nhóm 1	TRUE
Nhóm 1	很	hěn	lắm; quá; hết sức		Bên trái - Bộ Xích (彳) ,Bên phải - Chữ Cấn (艮 - gèn):	汉语很难。(Hànyǔ hěn nán)	Tiếng Hán rất khó.	w0020	hen			HSK1	lesson-1	1					1	Nhóm 1	TRUE
Nhóm 1	汉语	Hànyǔ	tiếng hán		汉 (Hán): Bộ Thủy (氵) + chữ Hựu (又). 语 (Ngữ): Bộ Ngôn (讠) + chữ Ngô (吾 = 五 + 口), nghĩa là ngôn ngữ.	我学汉语。(wǒ xué Hànyǔ)	Tôi học tiếng Hán.	w0021	hanyu			HSK1	lesson-1	1					1	Nhóm 1	TRUE
Nhóm 1	难	nán	khó		Bên trái - Bộ Hựu (又 - yòu) Tay không (又) bắt chim (隹), quả là rất Khó (难).	汉语难。(Hànyǔ nán)	Tiếng Hán khó.	w0022	nan			HSK1	lesson-1	1					1	Nhóm 1	TRUE
Nhóm 1	太	tài	rất; quá (khen ngợi)		Chữ Thái (太): chữ Đại (大) thêm một chấm (丶), nghĩa là quá, rất.	太难吗？(tài nán ma)	Quá khó không?	w0023	tai			HSK1	lesson-1	1					1	Nhóm 1	TRUE
Nhóm 1	吗	ma	không; ư; à (dùng ở cuối câu để hỏi)		Bộ Khẩu (口) + chữ Mã (马) mượn âm ma; dùng làm trợ từ nghi vấn ở cuối câu.	你好吗？(nǐ hǎo ma)	Bạn khỏe/tốt không?	w0024	ma			HSK1	lesson-1	1					1	Nhóm 1	TRUE
Nhóm 1	他	tā	y; nó; hắn; anh ấy; anh ta; cậu ấy; người ấy (đàn ông)		Bên trái - Bộ Nhân đứng (亻) Bên phải - Chữ Dã (也 - yě)	他很忙。(tā hěn máng)	Anh ấy rất bận.	w0025	ta			HSK1	lesson-1	1					1	Nhóm 1	TRUE
Nhóm 1	她	tā	cô ấy; chị ấy; bà ấy (phái nữ)		Bên trái - Bộ Nữ (女 - nǚ)  Bên phải - Chữ Dã (也 - yě) cung,Con gái (女) mà đứng cạnh chữ Cũng (也), đích thị là Cô ấy (她) rồi.	她很好。(tā hěn hǎo)	Cô ấy rất tốt.	w0026	ta			HSK1	lesson-1	1					1	Nhóm 1	TRUE
Nhóm 1	它	tā	nó; cái đó; điều đó; việc ấy (đại từ chỉ sự vật, con vật)		Bộ thủ chính: Bộ Miên (宀) + 5 netDưới mái nhà (宀) che, đồ vật gọn ghẽ, gọi Nó (它) ra nghe.	它很大。(tā hěn dà)	Nó rất lớn.	w0027	ta			HSK1	lesson-1	1					1	Nhóm 1	TRUE
Nhóm 1	哥哥	gē	anh trai		Chữ trên & Chữ dưới đều là chữ Khả (可 - kě): Nghĩa là có thể, đồng ý, chấp thuận.	哥哥学汉语。(gēge xué Hànyǔ)	Anh trai học tiếng Hán.	w0028	ge			HSK1	lesson-1	1					1	Nhóm 1	TRUE
Nhóm 1	妹妹	mèimei	em gái		Bên trái - Bộ Nữ (女) Bên phải - Chữ Vị (未 - wèi): Nghĩa là chưa, vị lai (tương lai) Con gái (女) mà tuổi còn xanh, Chưa (未) hề khôn lớn, chính là Muội muội (妹).	妹妹学英语。(mèimei xué Yīngyǔ)	Em gái học tiếng Anh.	w0029	meimei			HSK1	lesson-1	1					1	Nhóm 1	TRUE
Nhóm 1	姐姐	jiějie	chị gái		Bên trái - Bộ Nữ (女):Bên phải - Chữ Thả (且 - qiě) (nghĩa là "với lại, vả lại, lại còn") ,Người phụ nữ (女) quyền lực trong nhà, vả lại (且) còn biết lo toan, chính là Tỷ tỷ (姐)	姐姐学日语。(jiějie xué Rìyǔ)	Chị gái học tiếng Nhật.	w0030	jiejie			HSK1	lesson-1	1					1	Nhóm 1	TRUE
Nhóm 2	爸爸	bàba	bố		Phía trên - Bộ Phụ (父 - fù) ,Phía dưới - Chữ Ba (巴 - bā) Đầu đội chữ Phụ (父 - cha), dưới ôm chữ Ba (巴), ghép lại mượt mà, thành từ gọi Bố (爸).	爸爸去银行。(bàba qù yínháng)	Bố đi ngân hàng.	w0031	baba			HSK1	lesson-2	2					1	Nhóm 2	TRUE
Nhóm 2	弟弟	dìdi	em trai.		Bộ thủ quy ước - Bộ Cung (弓 - gōng) Nét phụ trên đầu - Bộ Bát (八) và nét phẩy Đầu đội mũ nhỏ (丷), lưng đeo cánh cung (弓), tay cầm mũi tên, chính là Đệ đệ (弟).	弟弟去学校。(dìdi qù xuéxiào)	Em trai đi trường học.	w0032	didi			HSK1	lesson-2	2					1	Nhóm 2	TRUE
Nhóm 2	学	xué	học		Phía trên - Bộ Tử (子 - zǐ) Phía trên bộ Tử - Phần mái che (bộ Mịch ⺍) và 3 chấm đầuBa chấm trên đầu tỏa hào quang, mái nhà che chở lớp học đường, đứa trẻ (子) ngồi trong chăm chỉ đọc, chữ Học (学) thắp sáng mọi nẻo đường.	我学汉语。(wǒ xué Hànyǔ)	Tôi học tiếng Hán.	w0033	xue			HSK1	lesson-2	2					1	Nhóm 2	TRUE
Nhóm 2	英语	anh ngữ	anh ngữ		(Cỏ hoa nước Anh và Năm cái miệng nói chuyện)	我学英语。(wǒ xué Yīngyǔ)	Tôi học tiếng Anh.	w0034	anh ngu			HSK1	lesson-2	2					1	Nhóm 2	TRUE
Nhóm 2	阿拉伯语	ālābó yǔ	tiếng Ả Rập		阿: Bộ Ấp (阝) + Khả (可). 拉: Bộ Thủ (扌) + Lập (立). 伯: Bộ Nhân (亻) + Bạch (白). 语: Bộ Ngôn (讠) + Ngô (吾).	他学阿拉伯语。(tā xué Ālābóyǔ)	Anh ấy học tiếng Ả Rập.	w0035	alabo yu			HSK1	lesson-2	2					1	Nhóm 2	TRUE
Nhóm 2	德语	déyǔ	tiếng Đức		Người có "Đức" là người có hành vi đúng đắn (bộ Xích), biết dùng mười con mắt để quan sát thế giới một cách thấu suốt, bao dung, và luôn sống trung thành với một lòng, một dạ, một đức tin từ con tim chân thành.	她学德语。(tā xué Déyǔ)	Cô ấy học tiếng Đức.	w0036	deyu			HSK1	lesson-2	2					1	Nhóm 2	TRUE
Nhóm 2	俄语	éyǔ	tiếng Nga		Người (亻) đứng kề Tôi (我) nước Nga bừng sáng, Ngôn (讠) bên năm (五) khẩu (口) thành tiếng Nga (俄语) vang.	哥哥学俄语。(gēge xué Éyǔ)	Anh trai học tiếng Nga.	w0037	eyu			HSK1	lesson-2	2					1	Nhóm 2	TRUE
Nhóm 2	法语	fǎyǔ	pháp ngữ		法 (Pháp): Bộ Thủy (氵) + chữ Khứ (去). 语 (Ngữ): Bộ Ngôn (讠) + chữ Ngô (吾), nghĩa là tiếng/ngôn ngữ.	姐姐学法语。(jiějie xué Fǎyǔ)	Chị gái học tiếng Pháp.	w0038	fayu			HSK1	lesson-2	2					1	Nhóm 2	TRUE
Nhóm 2	韩国语	hánguó yǔ	hàn quốc ngữ		"Bên trái là ánh nắng ban mai (Thập 十 + Tảo 早), bên phải là tấm da thuộc (韦). Người nước Hàn (韩) từ sáng sớm đã mang tấm da ra phơi.

Mẹo nhớ chữ 国 (guó):

Vây thành dày (囗) bọc ngọc xanh (玉), tạo thành đất Quốc (国) thái dân an."	妹妹学韩国语。(mèimei xué Hánguóyǔ)	Em gái học tiếng Hàn.	w0039	hanguo yu			HSK1	lesson-2	2					1	Nhóm 2	TRUE
Nhóm 2	日语	Rìyǔ	nhật ngữ		日 (Nhật): hình mặt trời. 语 (Ngữ): Bộ Ngôn (讠) + chữ Ngô (吾), nghĩa là tiếng Nhật.	爸爸学日语。(bàba xué Rìyǔ)	Bố học tiếng Nhật.	w0040				HSK1							1	Mẹo nhớ chữ 国 (guó):	TRUE
Nhóm 2	西班牙语	Xībānyáyǔ	tây ban nha ngữ		西: phương Tây. 班: hai phần Ngọc/Vương (王) hai bên + nét đao ở giữa. 牙: răng/ngà. 语: Bộ Ngôn (讠) + Ngô (吾).	弟弟学西班牙语。(dìdi xué Xībānyáyǔ)	Em trai học tiếng Tây Ban Nha.	w0041	em gai hoc tieng han.			HSK1							1	Vây thành dày (囗) bọc ngọc xanh (玉), tạo thành đất Quốc (国) thái dân an."	TRUE
Nhóm 2	去	qù	đi; rời; rời bỏ		Bộ thủ quy ước - Bộ Cung (弓 - gōng): Hình cánh cung. Nét sổ gập gập uốn lượn ở giữa chữ chính là biến thể của bộ Cung.	我去学校。(wǒ qù xuéxiào)	Tôi đi trường học.	w0042	riyu			HSK1	lesson-2	2					1	Nhóm 2	TRUE
Nhóm 2	对	duì	đúng		Bên trái - Chữ Hựu (又 - yòu) Bên phải - Bộ Thốn (寸 - cùn)( đo lương ) Bàn tay (又) cầm thước tấc (寸) đo, phân minh rõ rệt chẳng lo sai vần, việc làm mực thước định phân, chữ Đối/Đúng (对) đó mười phần chuẩn gia.	这个对吗？(zhège duì ma)	Cái này đúng không?	w0043	xibanyayu			HSK1	lesson-2	2					1	Nhóm 2	TRUE
Nhóm 2	邮局	yóujú	bưu cục		Nét phụ trên đầu - Bộ Bát (八) và nét phẩy: Tượng trưng cho phần dây quấn hoặc lông vũ trang trí.	我去邮局。(wǒ qù yóujú)	Tôi đi bưu cục.	w0044	qu			HSK1	lesson-2	2					1	Nhóm 2	TRUE
Nhóm 2	寄	jì	gửi; gởi; chuyển đi		"宀 (Bộ Miên): Mái nhà.

大 (Chữ Đại): To lớn, người lớn.

可 (Chữ Khả): Có thể, khả năng."	我寄信。(wǒ jì xìn)	Tôi gửi thư.	w0045	dui			HSK1	lesson-2	2					1	Nhóm 2	TRUE
Nhóm 2	信	xìn	thư, động từ tin tưởng		"亻 (Bộ Nhân): Con người.

言 (Chữ Ngôn): Ngôn ngữ, lời nói."	我有信。(wǒ yǒu xìn)	Tôi có thư.	w0046	youju			HSK1	lesson-2	2					1	Nhóm 2	TRUE
Nhóm 2	银行	yínháng	nngân hàng		"Ngân (银 - Bạc/Tiền bạc) 钅 / 金 (Bộ Kim): Vàng, kim loại quý.艮 (Chữ Cấn): Cứng cỏi, dừng lại, hoặc giữ lại.


Hàng (行 - Hàng lối/Nơi kinh doanh) :  1彳 (Bộ Xích): Bước chân trái (nhấc chân lên bước đi).

                                                             2 亍 (Bộ Súc): Bước chân phải (bước tiếp theo để hoàn thành bước đi)."	我去银行。(wǒ qù yínháng)	Tôi đi ngân hàng.	w0047	ji			HSK1	lesson-2	2					1	Nhóm 2	TRUE
Nhóm 2	取	qǔ	rút , lấy		"耳 (Chữ Nhĩ): Cái tai

又 (Chữ Hựu): Cái tay (hành động lặp đi lặp lại, hoặc nắm lấy)."	我去银行取钱。(wǒ qù yínháng qǔ qián)	Tôi đi ngân hàng rút tiền.	w0048				HSK1							1	大 (Chữ Đại): To lớn, người lớn.	TRUE
Nhóm 2	钱	qián	tiền		"钅 (Bộ Kim): Vàng, kim loại quý
Qua (戈 - binh khí, cây giáo) chồng lên nhau."	我有钱。(wǒ yǒu qián)	Tôi có tiền.	w0049	toi gui thu.			HSK1							1	可 (Chữ Khả): Có thể, khả năng."	TRUE
Nhóm 2	明天	míngtiān	ngày mai		"日 (Bộ Nhật): Mặt trời.

月 (Bộ Nguyệt): Mặt trăng.
THIÊN (天 - Trời, ngày)"	明天我去北京。(míngtiān wǒ qù Běijīng)	Ngày mai tôi đi Bắc Kinh.	w0050	xin			HSK1	lesson-2	2					1	Nhóm 2	TRUE
Nhóm 2	天	tiān	ngày , trời		"大 (Chữ Đại)
一 (Nét Ngang)"	一天很忙。(yī tiān hěn máng)	Một ngày rất bận.	w0051	toi co thu.			HSK1							1	言 (Chữ Ngôn): Ngôn ngữ, lời nói."	TRUE
Nhóm 2	见	jiàn	gặp thấy		"冂 chữ mục (con mắt)  冂 / 目 (Phần phía trên)
儿 (Chữ Nhi / bộ Nhân đi)"	明天见。(míngtiān jiàn)	Ngày mai gặp.	w0052	yinhang			HSK1	lesson-2	2					1	Nhóm 2	TRUE
Nhóm 2	北京	Běijīng	bắc kinh 		北 (Bắc): hình hai người quay lưng, chỉ phương bắc. 京 (Kinh): bộ Đầu (亠) + Khẩu (口) + Tiểu (小), chỉ kinh đô.	北京很大。(Běijīng hěn dà)	Bắc Kinh rất lớn.	w0053				HSK1	lesson-1	1					1	Hàng (行 - Hàng lối/Nơi kinh doanh) :  1彳 (Bộ Xích): Bước chân trái (nhấc chân lên bước đi).	TRUE
Nhóm 2	你	nǐ	bạn		"亻 (Bộ Nhân): Con người.

冖 (Bộ Mịch): Cái khăn trùm, mái che (khoảng không gian bao bọc).

小 (Chữ Tiểu): Nhỏ bé (2 nét phẩy hai bên và nét móc ở giữa)."	你学汉语吗？(nǐ xué Hànyǔ ma)	Bạn học tiếng Hán không?	w0054	toi đi ngan hang.			HSK1	lesson-2	2					1	2 亍 (Bộ Súc): Bước chân phải (bước tiếp theo để hoàn thành bước đi)."	TRUE
Nhóm 2	也	Chữ Dã  - yě)	 Cũng , tường đồng		Chữ Dã (也): nét ngang gập và móc cong, thường dùng mượn âm; nghĩa là cũng.	我也学汉语。(wǒ yě xué Hànyǔ)	Tôi cũng học tiếng Hán.	w0055	qu			HSK1	lesson-2	2					1	Nhóm 2	TRUE
Nhóm 2	今天	jīntiān	hôm nay; bữa ni; bữa nay		"KIM (今) Hiện tại, ngay bây giờ Mẹo viết chữ 今: Viết chữ Nhân (人) thật rộng ở trên để che chở cho phần móc gập và nét phẩy nhỏ ở bên dưới.
THIÊN (天 - Trời, ngày)"	今天我很忙。(jīntiān wǒ hěn máng)	Hôm nay tôi rất bận.	w0056	toi đi ngan hang rut tien.			HSK1							1	又 (Chữ Hựu): Cái tay (hành động lặp đi lặp lại, hoặc nắm lấy)."	TRUE
Nhóm 2	昨天	zuótiān	hôm qua		昨:日 (Bộ Nhật) ,乍 (Chữ Sạ/Chạ): Nghĩa gốc là vừa mới, đột nhiên	昨天我去学校。(zuótiān wǒ qù xuéxiào)	Hôm qua tôi đi trường học.	w0057	qian			HSK1	lesson-2	2					1	Nhóm 2	TRUE
Nhóm 2	星期	xīngqī	thứ, tuần lễ		"xīng TINH (星 - Ngôi sao) :日 (Bộ Nhật)
                                  生 (Chữ Sinh): Sinh ra, lớn lên, xuất hiện.
qī KỲ (期 - Thời kỳ) :其 (Chữ Kỳ)
                              月 (Bộ Nguyệt
"	今天星期几？(jīntiān xīngqī jǐ)	Hôm nay thứ mấy?	w0058	toi co tien.			HSK1							1	Qua (戈 - binh khí, cây giáo) chồng lên nhau."	TRUE
Nhóm 2	星期一	xīngqī	thứ 2		星期 (tuần): 星 = Nhật (日) + Sinh (生), 期 = Kỳ (其) + Nguyệt (月). 一: số 1, thành thứ hai.	今天星期一。(jīntiān xīngqīyī)	Hôm nay là thứ hai.	w0059	mingtian			HSK1	lesson-2	2					1	Nhóm 2	TRUE
Nhóm 2	星期二	xīngqī	thứ 3		星期 (tuần): 星 = Nhật (日) + Sinh (生), 期 = Kỳ (其) + Nguyệt (月). 二: số 2, thành thứ ba.	今天星期二。(jīntiān xīngqīèr)	Hôm nay là thứ ba.	w0060				HSK1							1	月 (Bộ Nguyệt): Mặt trăng.	TRUE
Nhóm 3	星期三	xīngqī	thứ 4		星期 (tuần): 星 = Nhật (日) + Sinh (生), 期 = Kỳ (其) + Nguyệt (月). 三: số 3, thành thứ tư.	今天星期三。(jīntiān xīngqīsān)	Hôm nay là thứ tư.	w0061	ngay mai toi đi bac kinh.			HSK1							1	THIÊN (天 - Trời, ngày)"	TRUE
Nhóm 3	星期四	xīngqī	thứ 5		星期 (tuần): 星 = Nhật (日) + Sinh (生), 期 = Kỳ (其) + Nguyệt (月). 四: số 4, thành thứ năm.	今天星期四。(jīntiān xīngqīsì)	Hôm nay là thứ năm.	w0062	tian			HSK1	lesson-2	2					1	Nhóm 2	TRUE
Nhóm 3	星期五	xīngqī	thứ 6		星期 (tuần): 星 = Nhật (日) + Sinh (生), 期 = Kỳ (其) + Nguyệt (月). 五: số 5, thành thứ sáu.	今天星期五。(jīntiān xīngqīwǔ)	Hôm nay là thứ sáu.	w0063	mot ngay rat ban.			HSK1							1	一 (Nét Ngang)"	TRUE
Nhóm 3	星期六	xīngqī	thứ 7		星期 (tuần): 星 = Nhật (日) + Sinh (生), 期 = Kỳ (其) + Nguyệt (月). 六: số 6, thành thứ bảy.	今天星期六。(jīntiān xīngqīliù)	Hôm nay là thứ bảy.	w0064	jian			HSK1	lesson-2	2					1	Nhóm 2	TRUE
Nhóm 3	星期天	xīngqītiān	cuối tuần		"星 (Tinh): Mặt trời (日) sinh ra (生) những ngôi sao
期 (Kỳ): Chu kỳ thay đổi của mặt trăng (月).
天 (Thiên)"	明天星期天。(míngtiān xīngqītiān)	Ngày mai là chủ nhật/cuối tuần.	w0065	ngay mai gap.			HSK1							1	儿 (Chữ Nhi / bộ Nhân đi)"	TRUE
Nhóm 3	周末	zhōumò	cuối tuần		"CHU (周 - Vòng tròn, chu kỳ, tuần):冂 (Bộ Quynh): Vùng biên ải hoặc cái khung
 吉 (Chữ Cát - Tốt lành): Gồm chữ Sĩ (士 - kẻ sĩ) ở trên và chữ Khẩu (口) kẻ si nói lời tốt lành
MẠT (末) Ngọn, cuối cùng, kết thúc:木 (Chữ Mộc) có thêm gạch ngang"	周末我去公园。(zhōumò wǒ qù gōngyuán)	Cuối tuần tôi đi công viên.	w0066	beijing			HSK1	lesson-2	2					1	Nhóm 2	TRUE
Nhóm 3	周	zhōu	tuần , thứ		"CHU (周 - Vòng tròn, chu kỳ, tuần):冂 (Bộ Quynh): Vùng biên ải hoặc cái khung
 吉 (Chữ Cát - Tốt lành): Gồm chữ Sĩ (士 - kẻ sĩ) ở trên và chữ Khẩu (口) kẻ si nói lời tốt lành"	一周很忙。(yī zhōu hěn máng)	Một tuần rất bận.	w0067	ni			HSK1	lesson-2	2					1	Nhóm 2	TRUE
Nhóm 3	周一	zhōu	thứ 2		周 (Chu): bộ Quynh (冂) bao ngoài + chữ Cát (吉). 一: số 1, thành thứ hai.	今天周一。(jīntiān zhōuyī)	Hôm nay là thứ hai.	w0068				HSK1							1	冖 (Bộ Mịch): Cái khăn trùm, mái che (khoảng không gian bao bọc).	TRUE
Nhóm 3	周二	zhōu	thứ 3		周 (Chu): bộ Quynh (冂) bao ngoài + chữ Cát (吉). 二: số 2, thành thứ ba.	今天周二。(jīntiān zhōuèr)	Hôm nay là thứ ba.	w0069	ban hoc tieng han khong?			HSK1	lesson-2	2					1	小 (Chữ Tiểu): Nhỏ bé (2 nét phẩy hai bên và nét móc ở giữa)."	TRUE
Nhóm 3	周三	zhōu	thứ 4		周 (Chu): bộ Quynh (冂) bao ngoài + chữ Cát (吉). 三: số 3, thành thứ tư.	今天周三。(jīntiān zhōusān)	Hôm nay là thứ tư.	w0070	chu da  - ye)			HSK1	lesson-2	2					1	Nhóm 2	TRUE
Nhóm 3	周四	zhōu	thứ 5		周 (Chu): bộ Quynh (冂) bao ngoài + chữ Cát (吉). 四: số 4, thành thứ năm.	今天周四。(jīntiān zhōusì)	Hôm nay là thứ năm.	w0071	jintian			HSK1	lesson-2	2					1	Nhóm 2	TRUE
Nhóm 3	周五	zhōu	thứ 6		周 (Chu): bộ Quynh (冂) bao ngoài + chữ Cát (吉). 五: số 5, thành thứ sáu.	今天周五。(jīntiān zhōuwǔ)	Hôm nay là thứ sáu.	w0072	hom nay toi rat ban.			HSK1							1	THIÊN (天 - Trời, ngày)"	TRUE
Nhóm 3	周六	zhōu	thứ 7		周 (Chu): bộ Quynh (冂) bao ngoài + chữ Cát (吉). 六: số 6, thành thứ bảy.	今天周六。(jīntiān zhōuliù)	Hôm nay là thứ bảy.	w0073	zuotian			HSK1	lesson-2	2					1	Nhóm 2	TRUE
								w0074	xingqi			HSK1	lesson-2	2					1	Nhóm 2	TRUE
Nhóm 3	几	jǐ	mấy vài , hỏi số lượng		Chữ Kỷ (几): hình chiếc ghế nhỏ/cái bàn thấp; dùng để hỏi số lượng: mấy, vài.	你有几个哥哥？(nǐ yǒu jǐ gè gēge)	Bạn có mấy anh trai?	w0075				HSK1							1	生 (Chữ Sinh): Sinh ra, lớn lên, xuất hiện.	TRUE
Nhóm 3	回	huí	về trở về , quay lại		Chữ Hồi (回): Khẩu lớn (囗) bao ngoài + Khẩu nhỏ (口) bên trong, ý quay vòng trở lại.	我回学校。(wǒ huí xuéxiào)	Tôi về trường học.	w0076				HSK1							1	qī KỲ (期 - Thời kỳ) :其 (Chữ Kỳ)	TRUE
Nhóm 3	学校	xuéxiào	trường học , nhà trường		"Chữ 学(hoc) :xué
chu HIỆU,trường học (校) xiào :木 (Bộ Mộc) +交 (Chữ Giao) nơi có cây 木  mọi người giao lưu luu 交  ,là trường học"	我在学校学汉语。(wǒ zài xuéxiào xué Hànyǔ)	Tôi học tiếng Hán ở trường.	w0077				HSK1							1	月 (Bộ Nguyệt	TRUE
Nhóm 3	再见	zàijiàn	tạm biệt		"TÁI (再 zài- Lại, một lần nữa) 一 (Nét ngang trên cùng): Tượng trưng cho một vạch mốc hoặc bầu trời.

                                                 冂 (Bộ Quynh): Cái khung bao bọc, vùng biên ải (bạn đã gặp rất nhiều lần rồi).

                                             土 (Bộ Thổ - Đất) hoặc các nét ngang dọc bên trong: Biến thể qua các thời kỳ, chỉ sự lặp đi lặp lại trên một nền tảng.

               Câu chuyện ghi nhớ: Đi qua cái khung cửa (冂) cũ, bước đi trên mặt đất (土) và vượt qua một cột mốc (一) một lần nữa, đó chính là Tái (再).
见 jiàn KIẾN
"	明天见，再见。(míngtiān jiàn, zàijiàn)	Mai gặp, tạm biệt.	w0078	hom nay thu may?			HSK1							1	"	true
w0079	xingqi			HSK1	lesson-2	2					1	Nhóm 2	true
w0080	xingqi			HSK1	lesson-2	2					1	Nhóm 2	true
w0081	xingqi			HSK1	lesson-3	3					1	Nhóm 3	true
w0082	xingqi			HSK1	lesson-3	3					1	Nhóm 3	true
w0083	xingqi			HSK1	lesson-3	3					1	Nhóm 3	true
w0084	xingqi			HSK1	lesson-3	3					1	Nhóm 3	true
w0085	xingqitian			HSK1	lesson-3	3					1	Nhóm 3	true
w0086				HSK1							1	期 (Kỳ): Chu kỳ thay đổi của mặt trăng (月).	true
w0087	ngay mai la chu nhat/cuoi tuan.			HSK1							1	天 (Thiên)"	TRUE
Nhóm 3	对不起	duìbuqǐ	không có gì		"对(duì ) + 不 (bù)+起 [ qǐ ]:bộ TẨU (走 zǒu )đi bộ
                                         chữ KỶ (己 jǐ ):chính mình.
"	对不起，没关系。(duìbuqǐ, méiguānxi)	Xin lỗi, không sao.	w0088	zhoumo			HSK1	lesson-3	3					1	Nhóm 3	TRUE
Nhóm 3	身体	shēntǐ	thân thể		"CHỮ身  shēn( thân, thân thể):
chữ THỂ: 体 tǐ(thể trạng.) :Nhân đứng (亻- con người) ở bên trái và chữ Bổn/Bản (本 - cái gốc, gốc rễ của cái cây) ở bên phải."	身体很好。(shēntǐ hěn hǎo)	Thân thể rất tốt.	w0089				HSK1							1	吉 (Chữ Cát - Tốt lành): Gồm chữ Sĩ (士 - kẻ sĩ) ở trên và chữ Khẩu (口) kẻ si nói lời tốt lành	TRUE
Nhóm 3	有	yǒu	có		"Phần trên (𠂇 - cách điệu thành nét ngang và phẩy dài 𠂊): Đây là bộ Thủ (Bàn tay trái) dang ra để cầm nắm.
hần dưới (月 - Bộ Nguyệt): Trong trường hợp này, bộ Nguyệt không chỉ mặt trăng mà là biến thể của chữ Nhục (肉 - miếng thịt)."	我有书。(wǒ yǒu shū)	Tôi có sách.	w0090	cuoi tuan toi đi cong vien.			HSK1							1	MẠT (末) Ngọn, cuối cùng, kết thúc:木 (Chữ Mộc) có thêm gạch ngang"	TRUE
Nhóm 3	没关系	méiguānxi	không sao		"Chữ 没 (méi - Một loại nước mất tích / Không có)
Chữ 关 (guān - Cánh cửa đóng lại)
Chữ 系 (xì/xi - Sợi dây xích"	没关系。(méiguānxi)	Không sao.	w0091	zhou			HSK1	lesson-3	3					1	Nhóm 3	TRUE
Nhóm 3	哪儿	nǎr	đâu; chỗ nào	đại từ nghi vấn	Bộ Khẩu (口) + chữ Na (那) mượn âm; 儿 là âm uốn lưỡi trong khẩu ngữ, dùng để hỏi nơi chốn.	你在哪儿？(nǐ zài nǎr)	Bạn ở đâu?	w0092	mot tuan rat ban.			HSK1							1	吉 (Chữ Cát - Tốt lành): Gồm chữ Sĩ (士 - kẻ sĩ) ở trên và chữ Khẩu (口) kẻ si nói lời tốt lành"	TRUE
Nhóm 3	天安门	Tiān'ānmén	thiên an môn		天 (Thiên): Đại (大) + nét ngang trên. 安 (An): Miên (宀) + Nữ (女). 门 (Môn): hình cánh cửa.	天安门在北京。(Tiānānmén zài Běijīng)	Thiên An Môn ở Bắc Kinh.	w0093	zhou			HSK1	lesson-3	3					1	Nhóm 3	TRUE
Nhóm 3	书	shū	sách 		Chữ Thư (书): nét ngang gập, nét móc và chấm; giản thể của 書, nghĩa là sách/viết.	我有书。(wǒ yǒu shū)	Tôi có sách.	w0094	zhou			HSK1	lesson-3	3					1	Nhóm 3	TRUE
			trung tâm					w0095	zhou			HSK1	lesson-3	3					1	Nhóm 3	TRUE
Nhóm 3	都	dōu	cũng		都 (Đô): chữ Giả (者) + bộ Ấp (阝), nghĩa là đều/cũng/đô thành tùy ngữ cảnh.	我和你都学汉语。(wǒ hé nǐ dōu xué Hànyǔ)	Tôi và bạn đều học tiếng Hán.	w0096	zhou			HSK1	lesson-3	3					1	Nhóm 3	TRUE
Nhóm 3	和	hé	và		和 (Hòa): bộ Hòa/Lúa (禾) + Khẩu (口), miệng nói hòa thuận, nghĩa là và/hòa.	我和她去学校。(wǒ hé tā qù xuéxiào)	Tôi và cô ấy đi trường học.	w0097	zhou			HSK1	lesson-3	3					1	Nhóm 3	TRUE
Nhóm 3	身体	shēntǐ	sức khỏe , sức khỏe		身 (Thân): thân mình. 体 (Thể): Nhân đứng (亻) + Bổn/Bản (本), chỉ cơ thể/thể trạng.	身体很好。(shēntǐ hěn hǎo)	Sức khỏe rất tốt.	w0098	zhou			HSK1	lesson-3	3					1	Nhóm 3	TRUE
Nhóm 3	公园	gōngyuán	công viên		公 (Công): Bát (八) + Tư (厶), nghĩa là chung/công. 园 (Viên): khung 囗 + Nguyên (元), chỉ khu vườn/công viên.	我去公园。(wǒ qù gōngyuán)	Tôi đi công viên.														
Nhóm 3	那	na	ấy; đó; kia (khẩu ngữ)		那 (Na): phần trái mượn âm + bộ Ấp (阝) bên phải, chỉ cái kia/đó.	那个很大。(nàge hěn dà)	Cái kia rất lớn.														
Nhóm 3	哪	nǎ	nào (dùng cho câu hỏi)		哪 (Nǎ): bộ Khẩu (口) + chữ Na (那), dùng để hỏi: nào/đâu.	哪个学校？(nǎge xuéxiào)	Trường nào?														
Nhóm 4	这	zhè	"Đại từ
Đầy đủ
1. đây; này; cái này"		这 (Zhè): bộ Sước (辶) + chữ Văn (文), nghĩa là đây/này/cái này.	这个很好。(zhège hěn hǎo)	Cái này rất tốt.														
Nhóm 4	那里	nàlǐ	chỗ ấy; chỗ đó		那 (Na) + 里 (Lý: 田 + 土, bên trong/nơi chốn), nghĩa là chỗ đó.	我在那里。(wǒ zài nàlǐ)	Tôi ở chỗ đó.														
Nhóm 4	哪里	nǎlǐ	đâu; chỗ nào		哪 (Khẩu 口 + Na 那) + 里 (田 + 土), nghĩa là chỗ nào/đâu.	你在哪里？(nǐ zài nǎlǐ)	Bạn ở đâu?														
Nhóm 4	这里	zhèlǐ	ở đây		这 (Sước 辶 + Văn 文) + 里 (田 + 土), nghĩa là ở đây/chỗ này.	我在这里。(wǒ zài zhèlǐ)	Tôi ở đây.														
Nhóm 4	个	gè	cái con , chiếc		个 (Cá): Nhân (人) ở trên + nét sổ ở giữa, lượng từ cái/con/chiếc.	我有一个。(wǒ yǒu yī gè)	Tôi có một cái.														
Nhóm 4	这个	zhège	cái này		这 (đây/này) + 个 (lượng từ cái), nghĩa là cái này.	这个很好。(zhège hěn hǎo)	Cái này rất tốt.														
Nhóm 4	那个	nàge	cái kia		那 (kia/đó) + 个 (lượng từ cái), nghĩa là cái kia/cái đó.	那个马很大。(nàge mǎ hěn dà)	Con ngựa kia rất lớn.														
Nhóm 4	哪个	nǎge	cái nào		哪 (nào) + 个 (lượng từ cái), nghĩa là cái nào.	哪个哥哥？(nǎge gēge)	Anh trai nào?														
Nhóm 4	几	jǐ	mấy		Chữ Kỷ (几): hình chiếc ghế nhỏ/cái bàn thấp; dùng để hỏi số lượng: mấy.	你有几个？(nǐ yǒu jǐ gè)	Bạn có mấy cái?														
Nhóm 4	在	zài	ở 		在 (Tại): phần trên giống bàn tay/che phủ + bộ Thổ (土), nghĩa là ở/tồn tại.	我在北京。(wǒ zài Běijīng)	Tôi ở Bắc Kinh.														
Nhóm 4	都	dōu	Nghĩa là: "Đều" / "Tất cả		都 (Đô): chữ Giả (者) + bộ Ấp (阝), nghĩa là đều/tất cả.	我和你都好。(wǒ hé nǐ dōu hǎo)	Tôi và bạn đều ổn.														
Nhóm 4	后天	hòutiān	ngày mốt		后 (Hậu): bộ Hán (厂) + Khẩu (口), nghĩa là sau. 天 (Thiên): Đại (大) + nét ngang trên, nghĩa là ngày/trời.	后天见。(hòutiān jiàn)	Ngày mốt gặp.														
Nhóm 4	河内	hénèi	hà nội		河 (Hà): bộ Thủy (氵) + Khả (可), nghĩa là sông. 内 (Nội): khung 冂 + Nhân (人), nghĩa là bên trong.	我在河内。(wǒ zài Hénèi)	Tôi ở Hà Nội.														
Nhóm 4	的	de	của		的 (Đích): Bạch (白) + Chước (勺), trợ từ sở hữu, nghĩa là của.	我的书。(wǒ de shū)	Sách của tôi.														
Nhóm 4	年	nián	năm 		Chữ Niên (年): phía trên là nét phẩy và ngang, phía dưới có nét sổ; nghĩa là năm, mùa vụ. Mẹo nhớ: từng nét xếp như bó lúa thu hoạch theo năm.	一年有十个月。(yī nián yǒu shí gè yuè)	Một năm có mười tháng.														
Nhóm 4	月	yuè	tháng		Chữ Nguyệt (月): hình mặt trăng, cũng dùng làm bộ Nguyệt; nghĩa là tháng/trăng.	一月一号。(yī yuè yī hào)	Ngày 1 tháng 1.														
Nhóm 4	号	hào	ngày		号 (Hào): Bộ Khẩu (口) ở trên + chữ Khảo/Khuyết dạng 丂 ở dưới; nghĩa là số hiệu, ngày trong tháng.	今天几号？(jīntiān jǐ hào)	Hôm nay ngày mấy?														
Nhóm 4	日	rì	ngày		Chữ Nhật (日): hình mặt trời, một khung vuông có nét ngang ở giữa; nghĩa là ngày/mặt trời.	一月一日。(yī yuè yī rì)	Ngày 1 tháng 1.														
nhóm 5	这	zhè	đây; này; cái này	đại từ	这 (Zhè): bộ Sước (辶) + chữ Văn (文), nghĩa là đây/này/cái này.	这是老师。(zhè shì lǎoshī)	Đây là thầy/cô giáo.														
nhóm 5	他们	tāmen	họ; bọn họ	đại từ	他 (người nam/anh ấy) + 们 (hậu tố số nhiều), ghép lại thành họ/bọn họ.	他们学习汉语。(tāmen xuéxí Hànyǔ)	Họ học tiếng Hán.														
nhóm 5	老师	lǎoshī	thầy giáo; cô giáo	danh từ	老 (già, lâu năm) + 师 (thầy, người dạy), chỉ giáo viên/người thầy.	老师请进。(lǎoshī qǐng jìn)	Thầy/cô giáo xin mời vào.														
nhóm 5	您	nín	ngài; ông; bà; bạn (kính ngữ)	đại từ	您 (Nín): 你 (bạn) + 心 (tâm), cách gọi lịch sự/kính trọng.	您好！(nín hǎo)	Chào ngài/anh/chị ạ.														
nhóm 5	请	qǐng	mời; xin; làm ơn	động từ	请 (Thỉnh): bộ Ngôn (讠) + chữ Thanh (青), lời nói lịch sự dùng để mời/xin.	请坐。(qǐng zuò)	Mời ngồi.														
nhóm 5	进	jìn	vào; tiến vào	động từ	进 (Tiến): bộ Sước (辶) chỉ đi lại + 井 mượn âm, nghĩa là đi vào/tiến vào.	请进！(qǐng jìn)	Mời vào!														
nhóm 5	坐	zuò	ngồi	động từ	坐 (Tọa): hai chữ Nhân (人) trên bộ Thổ (土), gợi hình người ngồi trên đất.	请坐。(qǐng zuò)	Mời ngồi.														
nhóm 5	喝	hē	uống	động từ	喝 (Hát/Uống): bộ Khẩu (口) + chữ Hạt (曷), hành động dùng miệng để uống.	我喝茶。(wǒ hē chá)	Tôi uống trà.														
nhóm 5	茶	chá	trà; chè	danh từ	茶 (Trà): bộ Thảo (艹) ở trên + phần dưới liên quan đến cây/người, chỉ cây trà/nước trà.	请喝茶。(qǐng hē chá)	Mời uống trà.														
nhóm 5	谢谢	xièxie	cảm ơn	động từ/câu nói	谢 (Tạ): bộ Ngôn (讠) + 射 mượn âm; lặp lại 谢谢 để nói cảm ơn.	谢谢老师。(xièxie lǎoshī)	Cảm ơn thầy/cô.														
nhóm 5	不客气	bú kèqi	không có gì; đừng khách sáo	cụm câu	不 (không) + 客气 (khách khí/khách sáo), dùng để đáp lại lời cảm ơn.	不客气。(bú kèqi)	Không có gì.														
nhóm 5	客气	kèqi	khách sáo; lịch sự	tính từ/danh từ	客 (khách) + 气 (khí/thái độ), chỉ thái độ khách sáo/lễ phép.	你太客气了。(nǐ tài kèqi le)	Bạn khách sáo quá rồi.														
nhóm 5	工作	gōngzuò	công việc; làm việc	danh từ/động từ	工 (công việc/lao động) + 作 (làm/tạo tác), ghép thành công việc hoặc làm việc.	我工作很忙。(wǒ gōngzuò hěn máng)	Công việc của tôi rất bận.														
nhóm 5	身体	shēntǐ	thân thể; sức khỏe	danh từ	身 (thân mình) + 体 (thể:亻 + 本), chỉ cơ thể/sức khỏe.	您身体好吗？(nín shēntǐ hǎo ma)	Sức khỏe của bạn có tốt không?														
nhóm 5	神	shén	thần; tinh thần; linh thiêng	danh từ	神 (Thần): bộ Thị (礻) liên quan đến tín ngưỡng + 申 mượn âm, nghĩa là thần/linh.	我不信神。(wǒ bù xìn shén)	Tôi không tin thần linh.														
nhóm 6	请问	qǐngwèn	xin hỏi; cho hỏi	động từ/cụm nói	请 (xin/mời) + 问 (hỏi), dùng mở đầu câu hỏi lịch sự.	请问，您贵姓？(qǐngwèn, nín guìxìng)	Xin hỏi, quý danh của ngài là gì?														
nhóm 6	问	wèn	hỏi	động từ	问 (Vấn): bộ Môn (门) bao ngoài + Khẩu (口), mở miệng trong cửa để hỏi.	我问老师。(wǒ wèn lǎoshī)	Tôi hỏi thầy/cô giáo.														
nhóm 6	贵姓	guìxìng	quý họ; họ của ngài là gì	cụm từ lịch sự	贵 (quý, cao quý) + 姓 (họ), dùng lịch sự để hỏi họ người khác.	您贵姓？(nín guìxìng)	Ngài họ gì ạ?														
nhóm 6	姓	xìng	họ; mang họ	danh từ/động từ	姓 (Tính): bộ Nữ (女) + Sinh (生), chỉ họ/tên họ.	我姓王。(wǒ xìng Wáng)	Tôi họ Vương.														
nhóm 6	叫	jiào	gọi; tên là	động từ	叫 (Khiếu): bộ Khẩu (口) + phần 纠 giản lược mượn âm, dùng khi gọi tên.	我叫小明。(wǒ jiào Xiǎomíng)	Tôi tên là Tiểu Minh.														
nhóm 6	名字	míngzi	tên	danh từ	名 (tên: 夕 + 口) + 字 (chữ/tên chữ), ghép lại nghĩa là tên.	你的名字是什么？(nǐ de míngzi shì shénme)	Tên của bạn là gì?														
nhóm 6	国	guó	nước; quốc gia	danh từ	国 (Quốc): khung 囗 bao ngoài + 玉 (ngọc) bên trong, chỉ đất nước/quốc gia.	你是哪国人？(nǐ shì nǎ guó rén)	Bạn là người nước nào?														
nhóm 6	认识	rènshi	quen biết; nhận biết	động từ	认 (nhận:讠 + 人) + 识 (biết:讠 + 只), nghĩa là nhận ra/quen biết.	我认识他。(wǒ rènshi tā)	Tôi quen anh ấy.														
nhóm 6	高兴	gāoxìng	vui; phấn khởi	tính từ	高 (cao) + 兴 (hứng/niềm vui), cảm xúc vui vẻ, phấn khởi.	认识你很高兴。(rènshi nǐ hěn gāoxìng)	Rất vui được quen bạn.														
nhóm 6	也	yě	cũng	phó từ	也 (Dã): nét ngang gập và móc cong, dùng làm phó từ nghĩa là cũng.	我也学习汉语。(wǒ yě xuéxí Hànyǔ)	Tôi cũng học tiếng Hán.														
nhóm 6	学习	xuéxí	học tập	động từ	学 (học) + 习 (luyện/tập), ghép lại nghĩa là học tập/luyện học.	他们学习汉语。(tāmen xuéxí Hànyǔ)	Họ học tiếng Hán.														
nhóm 6	什么	shénme	cái gì; gì	đại từ nghi vấn	什 (thập/mượn âm shén) + 么 (mượn âm me), dùng để hỏi “gì/cái gì”.	这是什么？(zhè shì shénme)	Đây là cái gì?														
nhóm 6	发音	fāyīn	phát âm	danh từ/động từ	发 (phát ra) + 音 (âm thanh), nghĩa là phát âm/âm được phát ra.	这个字怎么发音？(zhège zì zěnme fāyīn)	Chữ này phát âm thế nào?														
nhóm 6	汉字	Hànzì	chữ Hán	danh từ	汉 (Hán:氵 + 又) + 字 (chữ:宀 + 子), chỉ chữ viết tiếng Hán.	我学习汉字。(wǒ xuéxí Hànzì)	Tôi học chữ Hán.														
nhóm 6	书	shū	sách	danh từ	书 (Thư): giản thể của 書, các nét gợi vật ghi chép/viết, nghĩa là sách.	这是谁的书？(zhè shì shéi de shū)	Đây là sách của ai?														
nhóm 6	谁	shéi	ai	đại từ nghi vấn	谁 (Thùy/Ai): bộ Ngôn (讠) + 隹 mượn âm, dùng để hỏi người: ai.	谁是老师？(shéi shì lǎoshī)	Ai là thầy/cô giáo?														
nhóm 6	的	de	của; trợ từ kết cấu	trợ từ	的 (Đích): Bạch (白) + Chước (勺), đứng sau định ngữ để chỉ sở hữu/quan hệ.	这是我的书。(zhè shì wǒ de shū)	Đây là sách của tôi.														
nhóm 6	杂志	zázhì	tạp chí	danh từ	杂 (tạp/lẫn) + 志 (ghi chép/chí hướng), ghép thành tạp chí.	这是汉语杂志。(zhè shì Hànyǔ zázhì)	Đây là tạp chí tiếng Hán.														
nhóm 6	文	wén	văn; chữ viết; ngôn văn	danh từ	文 (Văn): hình nét xăm/hoa văn trên thân, mở rộng nghĩa là chữ viết, văn hóa, văn chương.	我学习中文。(wǒ xuéxí Zhōngwén)	Tôi học tiếng Trung.														
nhóm 6	是	shì	là																		